{
	"info": {
		"_postman_id": "f0b5f044-2ef2-46f9-9db3-08535fdb58f0",
		"name": "Asssessment",
		"schema": "https://schema.getpostman.com/json/collection/v2.1.0/collection.json"
	},
	"item": [
		{
			"name": "Login",
			"event": [
				{
					"listen": "test",
					"script": {
						"exec": [
							"pm.test(\"Status code is 200\", function () {\r",
							"pm.environment.set(\"variable_key\", \"variable_value\");\r",
							" pm.response.to.have.status(200);\r",
							"var resp=pm.response.json();\r",
							"//console.log(resp.userId);\r",
							"CaptureduserId =resp.userId;\r",
							"console.log(\"CaptureduserId\"+CaptureduserId);\r",
							"if (CaptureduserId!=null){\r",
							"    pm.globals.set(\"UIBankuserId\", \"CaptureduserId\");\r",
							"    console.log(\"CaptureduserId is valid.\"+CaptureduserId);\r",
							"    \r",
							"}\r",
							"else\r",
							"{\r",
							"    console.log(\"CaptureduserId is inavlid and contains null.Please validate response\"+CaptureduserId);\r",
							"}\r",
							"});\r",
							"\r",
							""
						],
						"type": "text/javascript"
					}
				}
			],
			"request": {
				"method": "POST",
				"header": [
					{
						"key": "authority",
						"value": "uibank-api.azurewebsites.net"
					},
					{
						"key": "sec-ch-ua",
						"value": "\" Not A;Brand\";v=\"99\", \"Chromium\";v=\"98\", \"Google Chrome\";v=\"98\""
					},
					{
						"key": "accept",
						"value": "application/json, text/plain, */*"
					},
					{
						"key": "content-type",
						"value": "application/json"
					},
					{
						"key": "sec-ch-ua-mobile",
						"value": "?0"
					},
					{
						"key": "user-agent",
						"value": "Mozilla/5.0 (Windows NT 10.0; Win64; x64) AppleWebKit/537.36 (KHTML, like Gecko) Chrome/98.0.4758.102 Safari/537.36"
					},
					{
						"key": "sec-ch-ua-platform",
						"value": "\"Windows\""
					},
					{
						"key": "origin",
						"value": "https://uibank.uipath.com"
					},
					{
						"key": "sec-fetch-site",
						"value": "cross-site"
					},
					{
						"key": "sec-fetch-mode",
						"value": "cors"
					},
					{
						"key": "sec-fetch-dest",
						"value": "empty"
					},
					{
						"key": "referer",
						"value": "https://uibank.uipath.com/"
					},
					{
						"key": "accept-language",
						"value": "en-US,en;q=0.9"
					}
				],
				"body": {
					"mode": "raw",
					"raw": "{\"username\":\"drl.priya@gmail.com\",\"password\":\"Password@123\"}"
				},
				"url": {
					"raw": "{{testenvironmentserver}}/api/users/login",
					"host": [
						"{{testenvironmentserver}}"
					],
					"path": [
						"api",
						"users",
						"login"
					]
				}
			},
			"response": []
		},
		{
			"name": "Account",
			"event": [
				{
					"listen": "test",
					"script": {
						"exec": [
							"pm.test(\"Status code is 200\", function () {\r",
							"    pm.response.to.have.status(200);\r",
							"});\r",
							"pm.test(\"response contains account details with Account Number key\", function () {\r",
							"    pm.expect(pm.response.text()).to.include(\"accountNumber\");\r",
							"});\r",
							"pm.test(\"response contains account details with Account Number key\", function () {\r",
							"    pm.expect(pm.response.text()).to.include(\"accountNumber\");\r",
							"    var resp = pm.response.json();\r",
							"  \r",
							"\r",
							"});\r",
							""
						],
						"type": "text/javascript"
					}
				}
			],
			"request": {
				"method": "GET",
				"header": [
					{
						"key": "Authorization",
						"value": "nHJA73OlOiQctW1tWngwumBt70tRtaFINCaeCf9GoXckI6OyC0GO4f9SdgiUFEyR",
						"type": "text"
					}
				],
				"url": {
					"raw": "{{testenvironmentserver}}/api/accounts?filter[where][userId]={{UIBankuserId}}",
					"host": [
						"{{testenvironmentserver}}"
					],
					"path": [
						"api",
						"accounts"
					],
					"query": [
						{
							"key": "filter[where][userId]",
							"value": "{{UIBankuserId}}"
						}
					]
				}
			},
			"response": []
		},
		{
			"name": "AccountCreation",
			"event": [
				{
					"listen": "test",
					"script": {
						"exec": [
							"pm.test(\"Status code is 200\", function () {\r",
							"    pm.response.to.have.status(200);\r",
							"    console.log(\"Account creation successful\");\r",
							"        pm.expect(pm.response.text()).to.include(\"accountNumber\");\r",
							"});\r",
							"\r",
							"    pm.test(\"Account creation successful\", function () {\r",
							"   \r",
							"     pm.expect(pm.response.text()).to.include(\"accountNumber\");\r",
							"     var resp = pm.response.json();\r",
							"var accountNumber = resp.accountNumber;\r",
							"console.log(\"Account number:\"+accountNumber);\r",
							"\r",
							"});\r",
							""
						],
						"type": "text/javascript"
					}
				}
			],
			"request": {
				"method": "POST",
				"header": [
					{
						"key": "authority",
						"value": "uibank-api.azurewebsites.net"
					},
					{
						"key": "sec-ch-ua",
						"value": "\" Not A;Brand\";v=\"99\", \"Chromium\";v=\"98\", \"Google Chrome\";v=\"98\""
					},
					{
						"key": "accept",
						"value": "application/json, text/plain, */*"
					},
					{
						"key": "content-type",
						"value": "application/json"
					},
					{
						"key": "authorization",
						"value": "cFABtqcuD1gDJFF6f3HoytgSxwXFqnwORmxN52zeEevVeqYhFvD9pr0S045kdkTm"
					},
					{
						"key": "sec-ch-ua-mobile",
						"value": "?0"
					},
					{
						"key": "user-agent",
						"value": "Mozilla/5.0 (Windows NT 10.0; Win64; x64) AppleWebKit/537.36 (KHTML, like Gecko) Chrome/98.0.4758.102 Safari/537.36"
					},
					{
						"key": "sec-ch-ua-platform",
						"value": "\"Windows\""
					},
					{
						"key": "origin",
						"value": "https://uibank.uipath.com"
					},
					{
						"key": "sec-fetch-site",
						"value": "cross-site"
					},
					{
						"key": "sec-fetch-mode",
						"value": "cors"
					},
					{
						"key": "sec-fetch-dest",
						"value": "empty"
					},
					{
						"key": "referer",
						"value": "https://uibank.uipath.com/"
					},
					{
						"key": "accept-language",
						"value": "en-US,en;q=0.9"
					}
				],
				"body": {
					"mode": "raw",
					"raw": "{\"friendlyName\":\"AAA1\",\"type\":\"checking\",\"userId\":\"620f1e098932d4005f2a8879\",\"balance\":100,\"accountNumber\":1652734}"
				},
				"url": {
					"raw": "{{testenvironmentserver}}/api/accounts",
					"host": [
						"{{testenvironmentserver}}"
					],
					"path": [
						"api",
						"accounts"
					]
				}
			},
			"response": []
		},
		{
			"name": "RegisterViewProfile",
			"event": [
				{
					"listen": "test",
					"script": {
						"exec": [
							"pm.test(\"Status code is 200\", function () {\r",
							"    pm.response.to.have.status(200);\r",
							"});\r",
							"pm.test(\"Validating if Response contains username\", function () {\r",
							"    pm.expect(pm.response.text()).to.include(\"username\");\r",
							"});\r",
							"pm.test(\"Validating my profile name\", function () {\r",
							"    var jsonData = pm.response.json();\r",
							"    var profileName = \"drl.priya@gmail.com\";\r",
							"    \r",
							"    pm.expect(jsonData.username).to.eql(profileName);\r",
							"    \r",
							"    console.log(\"user profile view successful with id\"+profileName);\r",
							"});"
						],
						"type": "text/javascript"
					}
				}
			],
			"request": {
				"method": "GET",
				"header": [
					{
						"key": "authority",
						"value": "uibank-api.azurewebsites.net"
					},
					{
						"key": "sec-ch-ua",
						"value": "\" Not A;Brand\";v=\"99\", \"Chromium\";v=\"98\", \"Google Chrome\";v=\"98\""
					},
					{
						"key": "accept",
						"value": "application/json, text/plain, */*"
					},
					{
						"key": "authorization",
						"value": "cFABtqcuD1gDJFF6f3HoytgSxwXFqnwORmxN52zeEevVeqYhFvD9pr0S045kdkTm"
					},
					{
						"key": "sec-ch-ua-mobile",
						"value": "?0"
					},
					{
						"key": "user-agent",
						"value": "Mozilla/5.0 (Windows NT 10.0; Win64; x64) AppleWebKit/537.36 (KHTML, like Gecko) Chrome/98.0.4758.102 Safari/537.36"
					},
					{
						"key": "sec-ch-ua-platform",
						"value": "\"Windows\""
					},
					{
						"key": "origin",
						"value": "https://uibank.uipath.com"
					},
					{
						"key": "sec-fetch-site",
						"value": "cross-site"
					},
					{
						"key": "sec-fetch-mode",
						"value": "cors"
					},
					{
						"key": "sec-fetch-dest",
						"value": "empty"
					},
					{
						"key": "referer",
						"value": "https://uibank.uipath.com/"
					},
					{
						"key": "accept-language",
						"value": "en-US,en;q=0.9"
					}
				],
				"url": {
					"raw": "{{testenvironmentserver}}/api/users/{{UIBankuserId}}",
					"host": [
						"{{testenvironmentserver}}"
					],
					"path": [
						"api",
						"users",
						"{{UIBankuserId}}"
					]
				}
			},
			"response": []
		}
	]
}